{"cifar10": [{"resnet56_cifar10_attacked_by_fgsm_acc": 0.5136000000000001, "resnet56_cifar10_fgsm_attacked_by_fgsm_acc": 0.7877999999999998, "resnet56_cifar10_pgd_attacked_by_fgsm_acc": 0.7823, "densenet121_cifar10_fgsm_attacked_by_fgsm_acc": 0.7964, "densenet121_cifar10_pgd_attacked_by_fgsm_acc": 0.7563000000000001, "transfer_densenet121_nat_nat_attacked_by_fgsm_acc": 0.45160000000000006, "transfer_densenet121_fgsm_nat_attacked_by_fgsm_acc": 0.6553, "transfer_densenet121_nat_fgsm_attacked_by_fgsm_acc": 0.6425, "transfer_densenet121_fgsm_fgsm_attacked_by_fgsm_acc": 0.7181000000000001, "transfer_densenet121_pgd_pgd_attacked_by_fgsm_acc": 0.7326999999999999, "transfer_densenet121_pgd_nat_attacked_by_fgsm_acc": 0.693, "transfer_densenet121_nat_pgd_attacked_by_fgsm_acc": 0.6439, "transfer_resnet56_nat_nat_attacked_by_fgsm_acc": 0.5194000000000001, "transfer_resnet56_fgsm_fgsm_attacked_by_fgsm_acc": 0.7586000000000002, "transfer_resnet56_fgsm_nat_attacked_by_fgsm_acc": 0.7180000000000001, "transfer_resnet56_nat_fgsm_attacked_by_fgsm_acc": 0.6850999999999999, "transfer_resnet56_pgd_pgd_attacked_by_fgsm_acc": 0.7262, "transfer_resnet56_pgd_nat_attacked_by_fgsm_acc": 0.6992, "transfer_resnet56_nat_pgd_attacked_by_fgsm_acc": 0.6942999999999999}], "cifar100": [{"resnet56_cifar100_attacked_by_fgsm_acc": 0.25600000000000006, "resnet56_cifar100_fgsm_attacked_by_fgsm_acc": 0.4806, "densenet121_cifar100_fgsm_attacked_by_fgsm_acc": 0.49629999999999996, "resnet56_cifar100_pgd_attacked_by_fgsm_acc": 0.45189999999999997, "densenet121_cifar100_pgd_attacked_by_fgsm_acc": 0.4911000000000001}]}