{"cifar10": [{"resnet56_cifar10_attacked_by_fgsm_acc": 0.5136000000000001, "resnet56_cifar10_fgsm_attacked_by_fgsm_acc": 0.7877999999999998, "densenet121_cifar10_fgsm_attacked_by_fgsm_acc": 0.7964}], "cifar100": [{"resnet56_cifar100_attacked_by_fgsm_acc": 0.25600000000000006, "resnet56_cifar100_fgsm_attacked_by_fgsm_acc": 0.4806, "densenet121_cifar100_fgsm_attacked_by_fgsm_acc": 0.49629999999999996}]}