{"resnet56_cifar10_clean": 0.9285999999999999, "resnet56_cifar10_fgsm": 0.2723, "resnet56_cifar10_pgd": 0.09539999999999997, "resnet56_cifar100_clean": 0.6901999999999999, "resnet56_cifar100_fgsm": 0.11399999999999999, "resnet56_cifar100_pgd": 0.0929, "resnet56_cifar100_to_cifar10_clean": 0.9163, "resnet56_cifar100_to_cifar10_fgsm": 0.20440000000000005, "resnet56_cifar100_to_cifar10_pgd": 0.0731}