{"transfer_resnet56_fgsm_nat_clean": 0.8733000000000001, "transfer_resnet56_fgsm_nat_attacked_by_fgsm": 0.38339999999999996, "transfer_resnet56_fgsm_nat_attacked_by_pgd": 0.0937}