{"transfer_resnet56_pgd_nat_clean": 0.8769999999999999, "transfer_resnet56_pgd_nat_attacked_by_fgsm": 0.41509999999999997, "transfer_resnet56_pgd_nat_attacked_by_pgd": 0.10310000000000002}