{"transfer_densenet121_pgd_pgd_clean": 0.8267, "transfer_densenet121_pgd_pgd_attacked_by_fgsm": 0.5033000000000001, "transfer_densenet121_pgd_pgd_attacked_by_pgd": 0.16480000000000003}