{"transfer_densenet121_nat_fgsm_clean": 0.8710000000000002, "transfer_densenet121_nat_fgsm_attacked_by_fgsm": 0.5111000000000001, "transfer_densenet121_nat_fgsm_attacked_by_pgd": 0.07949999999999999}