{"densenet121_cifar100_clean": 0.7273999999999998, "densenet121_cifar100_attacked_by_fgsm": 0.1795, "densenet121_cifar100_attacked_by_pgd": 0.06199999999999999}