{"resnet56_cifar10_fgsm_ll_clean": 0.8712000000000001, "resnet56_cifar10_fgsm_ll_attacked_by_fgsm_e_0.03125": 0.8442000000000001, "resnet56_cifar10_fgsm_ll_attacked_by_pgd_e_0.03125": 0.19990000000000002, "resnet56_cifar10_fgsm_ll_attacked_by_fgsm_e_0.06250": 0.7863, "resnet56_cifar10_fgsm_ll_attacked_by_pgd_e_0.06250": 0.13540000000000002}