{"resnet56_cifar100_fgsm_clean": 0.526, "resnet56_cifar100_fgsm_attacked_by_fgsm_e_0.03125": 0.3789, "resnet56_cifar100_fgsm_attacked_by_pgd_e_0.03125": 0.021599999999999998, "resnet56_cifar100_fgsm_attacked_by_fgsm_e_0.06250": 0.54, "resnet56_cifar100_fgsm_attacked_by_pgd_e_0.06250": 0.0114, "resnet56_cifar100_fgsm_attacked_by_fgsm_e_0.12500": 0.25660000000000005, "resnet56_cifar100_fgsm_attacked_by_pgd_e_0.12500": 0.0099}