{"resnet56_cifar10_fgsm_tsipras_clean": 0.8424999999999998, "resnet56_cifar10_fgsm_tsipras_attacked_by_fgsm_e_0.03125": 0.7391, "resnet56_cifar10_fgsm_tsipras_attacked_by_pgd_e_0.03125": 0.5968, "resnet56_cifar10_fgsm_tsipras_attacked_by_fgsm_e_0.06250": 0.638, "resnet56_cifar10_fgsm_tsipras_attacked_by_pgd_e_0.06250": 0.3839, "resnet56_cifar10_fgsm_tsipras_attacked_by_fgsm_e_0.12500": 0.49990000000000007, "resnet56_cifar10_fgsm_tsipras_attacked_by_pgd_e_0.12500": 0.154}