{"resnet56_cifar10_clean": 0.9285999999999999, "resnet56_cifar10_attacked_by_fgsm_e_0.07800": 0.2585, "resnet56_cifar10_attacked_by_pgd_e_0.07800": 0.0026, "resnet56_cifar10_attacked_by_fgsm_e_0.15600": 0.21110000000000004, "resnet56_cifar10_attacked_by_pgd_e_0.15600": 0.0, "resnet56_cifar10_attacked_by_fgsm_e_0.31200": 0.15680000000000002, "resnet56_cifar10_attacked_by_pgd_e_0.31200": 0.0}