{"densenet121_cifar10_fgsm_tsipras_clean": 0.9000000000000001, "densenet121_cifar10_fgsm_tsipras_attacked_by_fgsm_e_0.03125": 0.7641, "densenet121_cifar10_fgsm_tsipras_attacked_by_pgd_e_0.03125": 0.6518, "densenet121_cifar10_fgsm_tsipras_attacked_by_fgsm_e_0.06250": 0.6757, "densenet121_cifar10_fgsm_tsipras_attacked_by_pgd_e_0.06250": 0.45220000000000016, "densenet121_cifar10_fgsm_tsipras_attacked_by_fgsm_e_0.12500": 0.5392000000000001, "densenet121_cifar10_fgsm_tsipras_attacked_by_pgd_e_0.12500": 0.18549999999999997}