{"resnet56_cifar10_fgsm_prev_clean": 0.8899000000000001, "resnet56_cifar10_fgsm_prev_attacked_by_fgsm_e_0.03125": 0.8915000000000001, "resnet56_cifar10_fgsm_prev_attacked_by_pgd_e_0.03125": 0.1561, "resnet56_cifar10_fgsm_prev_attacked_by_fgsm_e_0.06250": 0.8317999999999999, "resnet56_cifar10_fgsm_prev_attacked_by_pgd_e_0.06250": 0.1274, "resnet56_cifar10_fgsm_prev_attacked_by_fgsm_e_0.12500": 0.6691000000000001, "resnet56_cifar10_fgsm_prev_attacked_by_pgd_e_0.12500": 0.0536}