{"resnet56_cifar10_fgsm_no_ll_clean": 0.8355, "resnet56_cifar10_fgsm_no_ll_attacked_by_fgsm_e_0.03125": 0.7867999999999999, "resnet56_cifar10_fgsm_no_ll_attacked_by_pgd_e_0.03125": 0.0103, "resnet56_cifar10_fgsm_no_ll_attacked_by_fgsm_e_0.06250": 0.8332999999999998, "resnet56_cifar10_fgsm_no_ll_attacked_by_pgd_e_0.06250": 0.0052}