{"resnet56_cifar10_fgsm_tsipras_clean": 0.8719999999999999, "resnet56_cifar10_fgsm_tsipras_attacked_by_fgsm_e_0.03125": 0.7221999999999998, "resnet56_cifar10_fgsm_tsipras_attacked_by_pgd_e_0.03125": 0.5789, "resnet56_cifar10_fgsm_tsipras_attacked_by_fgsm_e_0.06250": 0.6315, "resnet56_cifar10_fgsm_tsipras_attacked_by_pgd_e_0.06250": 0.3692, "resnet56_cifar10_fgsm_tsipras_attacked_by_fgsm_e_0.12500": 0.4972000000000001, "resnet56_cifar10_fgsm_tsipras_attacked_by_pgd_e_0.12500": 0.148}