{"transfer_resnet56_pgd_pgd_clean": 0.8606000000000001, "transfer_resnet56_pgd_pgd_attacked_by_fgsm": 0.45010000000000006, "transfer_resnet56_pgd_pgd_attacked_by_pgd": 0.1215}