{"resnet56_cifar10_fgsm_clean": 0.8355, "resnet56_cifar10_fgsm_attacked_by_fgsm_e_0.03125": 0.7867999999999999, "resnet56_cifar10_fgsm_attacked_by_pgd_e_0.03125": 0.0103, "resnet56_cifar10_fgsm_attacked_by_fgsm_e_0.06250": 0.8332999999999998, "resnet56_cifar10_fgsm_attacked_by_pgd_e_0.06250": 0.0052, "resnet56_cifar10_fgsm_attacked_by_fgsm_e_0.12500": 0.5849, "resnet56_cifar10_fgsm_attacked_by_pgd_e_0.12500": 0.007799999999999999}