{"densenet121_cifar10_clean": 0.9321999999999998, "densenet121_cifar10_attacked_by_fgsm_e_0.07800": 0.27990000000000004, "densenet121_cifar10_attacked_by_pgd_e_0.07800": 0.0026, "densenet121_cifar10_attacked_by_fgsm_e_0.15600": 0.21099999999999997, "densenet121_cifar10_attacked_by_pgd_e_0.15600": 0.0001, "densenet121_cifar10_attacked_by_fgsm_e_0.31200": 0.1481, "densenet121_cifar10_attacked_by_pgd_e_0.31200": 0.0}