{"densenet121_cifar10_fgsm_tsipras_clean": 0.8928999999999999, "densenet121_cifar10_fgsm_tsipras_attacked_by_fgsm_e_0.03125": 0.7468999999999998, "densenet121_cifar10_fgsm_tsipras_attacked_by_pgd_e_0.03125": 0.636, "densenet121_cifar10_fgsm_tsipras_attacked_by_fgsm_e_0.06250": 0.6734, "densenet121_cifar10_fgsm_tsipras_attacked_by_pgd_e_0.06250": 0.4343000000000001, "densenet121_cifar10_fgsm_tsipras_attacked_by_fgsm_e_0.12500": 0.5404, "densenet121_cifar10_fgsm_tsipras_attacked_by_pgd_e_0.12500": 0.1855}