{"resnet56_cifar10_pgd_tsipras_clean": 0.8591999999999999, "resnet56_cifar10_pgd_tsipras_attacked_by_fgsm_e_0.03125": 0.6884999999999999, "resnet56_cifar10_pgd_tsipras_attacked_by_pgd_e_0.03125": 0.5726, "resnet56_cifar10_pgd_tsipras_attacked_by_fgsm_e_0.06250": 0.584, "resnet56_cifar10_pgd_tsipras_attacked_by_pgd_e_0.06250": 0.36419999999999986, "resnet56_cifar10_pgd_tsipras_attacked_by_fgsm_e_0.12500": 0.41850000000000004, "resnet56_cifar10_pgd_tsipras_attacked_by_pgd_e_0.12500": 0.1338}