{"resnet56_cifar100_clean": 0.6901999999999999, "resnet56_cifar100_attacked_by_fgsm_e_0.07800": 0.1531, "resnet56_cifar100_attacked_by_pgd_e_0.07800": 0.009899999999999999, "resnet56_cifar100_attacked_by_fgsm_e_0.15600": 0.1206, "resnet56_cifar100_attacked_by_pgd_e_0.15600": 0.0029000000000000002, "resnet56_cifar100_attacked_by_fgsm_e_0.31200": 0.0708, "resnet56_cifar100_attacked_by_pgd_e_0.31200": 0.0006}