{"resnet56_cifar100_fgsm_prev_clean": 0.5848, "resnet56_cifar100_fgsm_prev_attacked_by_fgsm_e_0.03125": 0.32380000000000003, "resnet56_cifar100_fgsm_prev_attacked_by_pgd_e_0.03125": 0.29650000000000004, "resnet56_cifar100_fgsm_prev_attacked_by_fgsm_e_0.06250": 0.19760000000000003, "resnet56_cifar100_fgsm_prev_attacked_by_pgd_e_0.06250": 0.13879999999999998, "resnet56_cifar100_fgsm_prev_attacked_by_fgsm_e_0.12500": 0.0821, "resnet56_cifar100_fgsm_prev_attacked_by_pgd_e_0.12500": 0.029500000000000002}